[
  {
    "id": 1,
    "title": "Website Designing",
    "subTitle": "Designer",
    "img": "https://i.ibb.co/Kzz2p6G/designer-work-2048x1470.jpg",
    "year": "2020",
    "description": "Lorem ipsum dolor sit amet consectetur adipisicing elit"
  },
  {
    "id": 2,
    "title": "Website Developer",
    "subTitle": "Developer",
    "img": "https://i.ibb.co/x1jGTDg/download.jpg",
    "year": "2018",
    "description": "Lorem ipsum dolor sit amet consectetur adipisicing elit"
  },
  {
    "id": 3,
    "title": "Logo Designer",
    "subTitle": "Designer",
    "img": "https://i.ibb.co/7kBFqtR/download.jpg",
    "year": "2018",
    "description": "Lorem ipsum dolor sit amet consectetur adipisicing elit"
  },
  {
    "id": 4,
    "title": "Android Developer",
    "subTitle": "Developer",
    "img": "https://i.ibb.co/RHDZLsP/Java-or-Android.png",
    "year": "2018",
    "description": "Lorem ipsum dolor sit amet consectetur adipisicing elit"
  },
  {
    "id": 5,
    "title": "Java Developer",
    "subTitle": "Developer",
    "img": "https://i.ibb.co/6nb1TTz/download.jpg",
    "year": "2018",
    "description": "Lorem ipsum dolor sit amet consectetur adipisicing elit"
  }
]
